{"cameraMode":{"drawMode":0,"name":"Shaded","section":"Shading Mode"},"sceneLighting":false,"audioPlay":false,"sceneViewState":{"showFog":true,"showMaterialUpdate":false,"showSkybox":false,"showFlares":true,"showImageEffects":true,"showParticleSystems":true},"in2DMode":false,"pivot":{"x":-4.079999923706055,"y":-4.059999942779541,"z":-5.708984375},"rotation":{"x":-0.003661584574729204,"y":-0.7921815514564514,"z":-0.004753146320581436,"w":0.6102564930915833},"size":1.7147314548492432,"orthographic":false}